id,name,price,description
1,Mazda,73,Compatible coherent projection
2,Oldsmobile,20,Vision-oriented static encryption
3,Rolls-Royce,15,Cross-platform global circuit
4,Geo,69,Networked bottom-line approach
5,Ford,37,Re-engineered value-added initiative
6,Mazda,96,Diverse scalable infrastructure
7,Subaru,33,Customer-focused radical collaboration
8,Nissan,38,Decentralized intermediate paradigm
9,Saab,3,Right-sized next generation instruction set
10,Dodge,66,Pre-emptive coherent superstructure
11,Ford,62,Cross-group exuding capability
12,Ford,49,Total heuristic architecture
13,Isuzu,38,Monitored global functionalities
14,Fairthorpe,43,Managed background Graphic Interface
15,Saab,77,Mandatory systemic structure
16,Jaguar,5,Reduced actuating application
17,Volvo,27,Profit-focused modular infrastructure
18,Volkswagen,3,Advanced composite throughput
19,Toyota,78,Extended intermediate project
20,Mazda,20,Re-contextualized bottom-line monitoring
21,Toyota,42,Open-architected high-level infrastructure
22,Chevrolet,73,Pre-emptive maximized complexity
23,Isuzu,15,Future-proofed content-based attitude
24,Ford,68,Right-sized uniform implementation
25,Kia,85,Up-sized zero tolerance framework
26,Subaru,77,Focused 4th generation ability
27,Pontiac,66,Up-sized systemic monitoring
28,Mercedes-Benz,20,Future-proofed secondary access
29,Mazda,45,Enhanced secondary benchmark
30,Ford,68,Inverse heuristic service-desk
31,Chevrolet,18,Proactive multi-tasking open system
32,Mitsubishi,98,Polarised analyzing parallelism
33,Pontiac,12,Fully-configurable full-range database
34,BMW,39,Self-enabling dynamic Graphic Interface
35,Jaguar,6,Universal asymmetric implementation
36,Chevrolet,37,Grass-roots incremental initiative
37,Land Rover,58,Operative neutral time-frame
38,GMC,37,Total global alliance
39,Ford,95,User-centric background hierarchy
40,Dodge,66,Persistent homogeneous complexity
41,Toyota,62,Managed neutral encoding
42,Dodge,63,Configurable even-keeled archive
43,Ford,68,Object-based foreground superstructure
44,Pontiac,49,Re-engineered coherent core
45,Ford,35,Right-sized neutral infrastructure
46,Saturn,54,Sharable disintermediate toolset
47,Mazda,60,Centralized background installation
48,Porsche,26,Implemented 6th generation extranet
49,Mercedes-Benz,60,Programmable 24/7 focus group
50,Lincoln,31,Front-line mobile implementation
51,GMC,89,Quality-focused directional migration
52,Cadillac,9,Secured analyzing data-warehouse
53,Mitsubishi,79,Up-sized optimal collaboration
54,Buick,65,Future-proofed stable array
55,Toyota,32,Persistent zero defect concept
56,Ford,74,Total motivating hardware
57,Ford,58,Virtual context-sensitive open architecture
58,Lincoln,76,Virtual modular solution
59,BMW,48,Advanced user-facing hierarchy
60,Jeep,43,Multi-layered fresh-thinking hierarchy
61,Pontiac,65,Reverse-engineered well-modulated migration
62,Lincoln,79,Face to face zero administration groupware
63,Bentley,72,Reactive bifurcated migration
64,Eagle,24,Re-contextualized web-enabled task-force
65,Honda,74,Multi-tiered real-time project
66,GMC,72,Persevering national interface
67,Mitsubishi,51,Robust solution-oriented encoding
68,Mercedes-Benz,57,Multi-lateral 3rd generation migration
69,Volkswagen,4,Fundamental scalable process improvement
70,GMC,25,Exclusive context-sensitive help-desk
71,Chevrolet,72,Diverse analyzing interface
72,Mazda,74,Enhanced upward-trending instruction set
73,Nissan,43,Adaptive transitional capacity
74,Land Rover,34,Grass-roots high-level knowledge user
75,Ford,87,Automated executive toolset
76,GMC,81,Monitored exuding matrices
77,GMC,37,Up-sized didactic contingency
78,Mercedes-Benz,84,Managed encompassing task-force
79,BMW,42,Synergistic client-driven archive
80,Volvo,49,Ameliorated full-range circuit
81,Mercedes-Benz,34,Triple-buffered tertiary time-frame
82,Mercedes-Benz,90,Multi-channelled fresh-thinking open system
83,Chrysler,69,Realigned global emulation
84,Volkswagen,56,Innovative human-resource moratorium
85,Buick,20,Operative hybrid structure
86,Saturn,28,Public-key grid-enabled utilisation
87,Dodge,40,Switchable grid-enabled access
88,Scion,39,Progressive multi-state approach
89,Oldsmobile,82,Re-engineered asynchronous process improvement
90,GMC,21,Polarised fault-tolerant conglomeration
91,Suzuki,19,Total multi-state application
92,Chevrolet,73,Re-engineered system-worthy service-desk
93,BMW,63,Inverse coherent adapter
94,Lincoln,57,Optimized asynchronous orchestration
95,Toyota,90,Synergistic 6th generation hierarchy
96,Mazda,24,Open-architected homogeneous definition
97,Infiniti,44,Adaptive homogeneous knowledge user
98,Lexus,21,Persistent intangible standardization
99,Chrysler,38,Assimilated high-level application
100,Honda,28,Cross-group impactful project
101,BMW,91,Versatile 6th generation contingency
102,Ford,92,Seamless asynchronous framework
103,BMW,66,Focused uniform budgetary management
104,Lexus,69,Self-enabling human-resource collaboration
105,GMC,57,Universal leading edge paradigm
106,Infiniti,83,Universal disintermediate methodology
107,Bentley,79,Triple-buffered 5th generation concept
108,Volkswagen,97,Triple-buffered discrete algorithm
109,Chevrolet,78,User-centric 24 hour implementation
110,Ford,43,Visionary cohesive conglomeration
111,GMC,33,Enterprise-wide transitional initiative
112,Jeep,52,Object-based mission-critical definition
113,Jeep,1,Synergistic mobile website
114,Volkswagen,59,Public-key content-based parallelism
115,Kia,53,Seamless actuating challenge
116,Toyota,52,Fully-configurable 5th generation encryption
117,Ford,46,Devolved encompassing conglomeration
118,Mitsubishi,35,Decentralized context-sensitive challenge
119,Chevrolet,78,Business-focused optimizing budgetary management
120,Audi,2,Front-line attitude-oriented core
121,BMW,7,Expanded fault-tolerant infrastructure
122,Chevrolet,8,Synergized even-keeled data-warehouse
123,Acura,67,Focused empowering moderator
124,Pontiac,74,Re-engineered secondary function
125,BMW,96,Visionary responsive array
126,Subaru,65,Re-engineered discrete frame
127,Chevrolet,13,Multi-lateral content-based paradigm
128,Buick,78,Front-line 4th generation interface
129,Volvo,38,Seamless bi-directional leverage
130,Volkswagen,4,Re-contextualized optimizing flexibility
131,Pontiac,64,Upgradable static customer loyalty
132,Mercedes-Benz,22,Intuitive well-modulated architecture
133,Audi,76,Upgradable 5th generation customer loyalty
134,BMW,33,Public-key executive secured line
135,Dodge,1,Managed analyzing ability
136,BMW,81,Automated mobile archive
137,Suzuki,66,Organized transitional knowledge user
138,Acura,8,Right-sized stable circuit
139,Ford,70,Programmable user-facing toolset
140,Honda,60,Synergized well-modulated migration
141,Mitsubishi,71,Cloned systemic software
142,Chevrolet,43,Enterprise-wide disintermediate orchestration
143,GMC,64,Programmable coherent architecture
144,Nissan,64,Multi-layered executive alliance
145,Mitsubishi,55,Multi-lateral attitude-oriented application
146,Dodge,59,Networked interactive toolset
147,Ford,94,Balanced systemic emulation
148,Hyundai,63,Centralized background interface
149,Cadillac,90,Secured multimedia concept
150,Mitsubishi,66,Implemented secondary project
151,Lotus,39,Inverse real-time database
152,Ford,85,Reverse-engineered mission-critical moratorium
153,Lotus,96,Multi-lateral foreground framework
154,Land Rover,55,Reactive attitude-oriented superstructure
155,Volkswagen,73,Exclusive user-facing project
156,Chevrolet,53,Up-sized background database
157,Mercury,53,Horizontal non-volatile success
158,Chevrolet,26,Compatible local ability
159,Ford,51,Open-source directional architecture
160,Lamborghini,78,Front-line stable data-warehouse
161,Ford,70,Extended scalable circuit
162,GMC,84,Future-proofed clear-thinking website
163,Audi,57,Synergistic eco-centric leverage
164,Honda,1,Grass-roots responsive parallelism
165,Lincoln,41,Intuitive actuating moratorium
166,Ford,49,De-engineered real-time hub
167,Oldsmobile,99,Visionary multi-tasking monitoring
168,Mitsubishi,73,Organized disintermediate data-warehouse
169,Volkswagen,6,Cross-platform zero defect customer loyalty
170,Ford,42,Triple-buffered secondary customer loyalty
171,Saturn,32,Pre-emptive attitude-oriented Graphic Interface
172,Acura,28,Seamless content-based structure
173,Suzuki,33,Polarised systematic workforce
174,Saturn,46,Ameliorated actuating toolset
175,GMC,56,Vision-oriented responsive groupware
176,Mercedes-Benz,49,User-friendly interactive task-force
177,BMW,12,Customer-focused leading edge workforce
178,Lamborghini,10,Business-focused local Graphical User Interface
179,Jeep,74,Upgradable maximized pricing structure
180,Acura,47,Vision-oriented static frame
181,Lotus,47,Function-based logistical access
182,Cadillac,95,Expanded 3rd generation concept
183,Mitsubishi,82,Robust empowering installation
184,Mitsubishi,23,Ergonomic systematic migration
185,Suzuki,95,Face to face disintermediate array
186,Saab,51,Seamless bandwidth-monitored implementation
187,Porsche,11,Reduced optimizing time-frame
188,Chevrolet,89,Ergonomic background local area network
189,GMC,78,Re-engineered impactful matrix
190,Ford,5,Fundamental impactful customer loyalty
191,Audi,26,Inverse maximized alliance
192,Oldsmobile,36,Seamless methodical secured line
193,Mercury,44,Synergistic radical Graphical User Interface
194,GMC,23,Distributed attitude-oriented structure
195,Chevrolet,33,Persistent exuding circuit
196,Ford,74,Re-engineered radical access
197,Saab,30,Streamlined 6th generation utilisation
198,GMC,13,Team-oriented real-time migration
199,Jeep,40,Persevering grid-enabled concept
200,Cadillac,41,Exclusive bottom-line toolset
201,Kia,4,Persevering regional knowledge user
202,Porsche,22,Polarised zero defect parallelism
203,Buick,13,Right-sized tangible standardization
204,Toyota,7,Front-line bifurcated protocol
205,Jeep,42,Synergized foreground frame
206,Mitsubishi,76,Optional tertiary throughput
207,Audi,28,Pre-emptive stable core
208,Jeep,41,Public-key optimizing contingency
209,Geo,29,Cross-group grid-enabled toolset
210,Volkswagen,42,Automated dedicated circuit
211,Hyundai,64,Adaptive neutral methodology
212,Chevrolet,26,Visionary client-driven structure
213,Toyota,92,Streamlined incremental secured line
214,Toyota,61,Up-sized fresh-thinking installation
215,GMC,2,Future-proofed demand-driven benchmark
216,Subaru,85,Streamlined tertiary info-mediaries
217,GMC,97,Polarised uniform array
218,GMC,86,Multi-layered mobile hierarchy
219,Chrysler,87,Persevering analyzing local area network
220,Chrysler,5,Total 6th generation knowledge base
221,Honda,49,Mandatory systematic circuit
222,Mitsubishi,86,Enhanced national definition
223,Suzuki,15,Triple-buffered value-added workforce
224,Buick,79,Face to face scalable solution
225,Hyundai,41,Implemented hybrid support
226,Suzuki,10,Ameliorated client-server archive
227,Mazda,30,Reduced radical project
228,Volvo,40,Progressive composite capability
229,Ford,20,Open-architected hybrid function
230,Volkswagen,25,Self-enabling encompassing encoding
231,Nissan,47,Stand-alone value-added access
232,Toyota,38,Monitored holistic firmware
233,Lexus,71,De-engineered mission-critical methodology
234,BMW,66,Distributed bi-directional collaboration
235,Ford,57,Team-oriented zero tolerance algorithm
236,Ford,46,Advanced 24/7 software
237,Audi,31,Horizontal explicit benchmark
238,Isuzu,1,Organized logistical adapter
239,Maserati,2,Organized zero defect conglomeration
240,Buick,100,Object-based clear-thinking monitoring
241,Mazda,13,De-engineered intangible synergy
242,Nissan,61,Reverse-engineered logistical support
243,Mazda,41,Virtual tangible ability
244,Hummer,39,Cloned exuding internet solution
245,Ford,33,Persistent context-sensitive throughput
246,Pontiac,83,Virtual homogeneous knowledge base
247,Saturn,77,Right-sized uniform website
248,Isuzu,80,Monitored full-range matrices
249,Ferrari,9,Profit-focused multi-tasking data-warehouse
250,Saab,36,Balanced maximized monitoring
251,Volvo,9,Ameliorated scalable task-force
252,Dodge,45,Secured actuating methodology
253,Honda,29,De-engineered interactive policy
254,Dodge,30,User-friendly high-level protocol
255,Acura,30,Reactive fresh-thinking implementation
256,Maserati,91,Proactive clear-thinking matrix
257,Hyundai,81,Operative needs-based policy
258,Mercury,74,Programmable 6th generation infrastructure
259,Lincoln,91,Organic maximized matrices
260,Ford,38,Organized asymmetric circuit
261,BMW,88,Down-sized global architecture
262,Mazda,97,Customer-focused 24/7 middleware
263,Ford,49,Function-based 5th generation database
264,Lexus,37,Diverse object-oriented data-warehouse
265,Mitsubishi,55,Realigned well-modulated protocol
266,Honda,26,Horizontal zero defect internet solution
267,Nissan,71,Business-focused mobile service-desk
268,Ford,32,Cross-platform explicit hub
269,Dodge,34,Operative tangible instruction set
270,BMW,69,Fully-configurable full-range ability
271,Toyota,89,Visionary homogeneous instruction set
272,Dodge,49,Monitored uniform matrix
273,Plymouth,83,De-engineered optimal intranet
274,Mercedes-Benz,62,Persistent object-oriented emulation
275,Mercury,95,Compatible web-enabled pricing structure
276,Mazda,96,Profound multi-state matrix
277,Lincoln,2,Synchronised coherent utilisation
278,Tesla,90,Adaptive eco-centric challenge
279,Dodge,61,Virtual content-based neural-net
280,Honda,23,Universal regional flexibility
281,Mercedes-Benz,4,Inverse well-modulated time-frame
282,Lexus,10,Team-oriented systemic success
283,Chevrolet,96,Monitored empowering database
284,Ford,12,Distributed incremental system engine
285,Lexus,67,Expanded 24/7 functionalities
286,Pontiac,30,Decentralized reciprocal access
287,Toyota,5,Right-sized maximized instruction set
288,Chevrolet,32,Cross-platform 6th generation Graphic Interface
289,Lexus,8,Monitored encompassing firmware
290,Cadillac,11,Customizable disintermediate structure
291,Kia,71,Polarised hybrid orchestration
292,BMW,29,Switchable homogeneous orchestration
293,Buick,66,Exclusive zero administration concept
294,Ford,84,Pre-emptive motivating complexity
295,Ford,45,Programmable motivating budgetary management
296,Kia,71,Decentralized methodical time-frame
297,Dodge,72,Secured multimedia protocol
298,Mercury,53,Digitized bottom-line focus group
299,Honda,15,Inverse directional archive
300,GMC,89,Organic exuding approach
301,Bentley,85,Robust neutral strategy
302,Jeep,32,Enterprise-wide context-sensitive emulation
303,Mercury,35,Organized reciprocal extranet
304,Subaru,59,Diverse multi-tasking database
305,Lotus,21,Ameliorated demand-driven encryption
306,Maserati,90,Synchronised value-added moderator
307,Pontiac,70,User-centric optimal challenge
308,Ford,15,Open-architected asynchronous focus group
309,Toyota,62,Extended asymmetric capability
310,Mitsubishi,77,Diverse content-based matrix
311,Mazda,99,Triple-buffered discrete orchestration
312,Dodge,17,Re-contextualized asymmetric moratorium
313,GMC,50,Intuitive global ability
314,Land Rover,91,Multi-tiered directional alliance
315,Hyundai,58,Up-sized zero administration middleware
316,Acura,39,Universal multi-state focus group
317,Dodge,60,Expanded asynchronous productivity
318,Nissan,36,Triple-buffered 24/7 neural-net
319,Hyundai,93,Enhanced bi-directional model
320,Volvo,51,Quality-focused demand-driven open architecture
321,Mercedes-Benz,26,Customer-focused explicit support
322,Ford,27,Seamless client-server projection
323,Ford,45,Quality-focused web-enabled framework
324,Mitsubishi,34,Integrated zero tolerance process improvement
325,Acura,24,Adaptive fresh-thinking task-force
326,Hyundai,99,Inverse impactful time-frame
327,Chevrolet,64,Cross-platform upward-trending framework
328,Ford,2,Total didactic secured line
329,Dodge,67,De-engineered uniform matrix
330,Infiniti,35,Reactive regional frame
331,Oldsmobile,64,Vision-oriented motivating Graphic Interface
332,Honda,69,Versatile motivating protocol
333,Audi,8,Business-focused hybrid knowledge base
334,Lexus,63,Intuitive cohesive utilisation
335,Chrysler,40,Progressive solution-oriented migration
336,Toyota,78,Pre-emptive web-enabled function
337,Nissan,67,Diverse secondary analyzer
338,Chevrolet,84,Sharable real-time implementation
339,Infiniti,99,Visionary responsive artificial intelligence
340,Jeep,70,Networked 5th generation solution
341,Cadillac,92,Automated maximized system engine
342,Dodge,84,Face to face zero defect matrices
343,Buick,76,Versatile clear-thinking contingency
344,Mazda,32,Monitored even-keeled budgetary management
345,GMC,66,Customizable human-resource knowledge user
346,Hyundai,98,Innovative value-added array
347,Honda,81,Synergized secondary ability
348,Porsche,24,Future-proofed mobile initiative
349,Mercury,84,Cross-platform bi-directional superstructure
350,Volkswagen,9,Sharable secondary challenge
351,Lincoln,91,Exclusive high-level neural-net
352,Chevrolet,36,Managed needs-based hardware
353,Isuzu,54,Streamlined explicit function
354,Pontiac,29,Customizable coherent throughput
355,Jeep,16,Operative intangible monitoring
356,Buick,1,Open-source next generation portal
357,Kia,23,Up-sized zero tolerance success
358,Lotus,84,Triple-buffered reciprocal customer loyalty
359,Chevrolet,56,Total attitude-oriented core
360,Volvo,78,Function-based intangible system engine
361,GMC,90,Cross-group zero tolerance parallelism
362,Mazda,31,Proactive full-range circuit
363,Porsche,83,Configurable context-sensitive Graphic Interface
364,Kia,91,Switchable contextually-based info-mediaries
365,Bentley,28,Progressive explicit synergy
366,BMW,32,Enterprise-wide cohesive extranet
367,Mitsubishi,4,Profit-focused static synergy
368,Volvo,72,Team-oriented didactic Graphical User Interface
369,Morgan,10,Operative system-worthy local area network
370,Toyota,76,Sharable tangible array
371,Lincoln,4,Grass-roots bi-directional hardware
372,Nissan,83,Object-based bifurcated frame
373,Lexus,90,Fundamental 6th generation protocol
374,Suzuki,88,Inverse holistic system engine
375,Kia,55,Optional discrete hub
376,Volvo,10,Front-line systemic synergy
377,Suzuki,75,Profound systematic product
378,Honda,83,Multi-tiered heuristic middleware
379,Toyota,69,Grass-roots mobile emulation
380,Ford,38,Expanded tertiary framework
381,Mazda,90,Cross-group heuristic help-desk
382,Buick,17,Versatile static toolset
383,Mitsubishi,27,Mandatory attitude-oriented local area network
384,Buick,65,Organized scalable installation
385,Dodge,98,Adaptive next generation knowledge base
386,Toyota,26,Customizable client-server product
387,Infiniti,52,Fully-configurable explicit core
388,Ford,43,Public-key 24/7 application
389,Ford,81,Synergized fresh-thinking internet solution
390,Pontiac,5,Organic human-resource hardware
391,Lincoln,90,Fundamental zero administration emulation
392,Jeep,1,Fully-configurable logistical approach
393,BMW,21,Intuitive intermediate open architecture
394,Ferrari,27,Switchable clear-thinking toolset
395,Buick,33,Reduced 3rd generation success
396,Chevrolet,44,Adaptive client-driven product
397,Mazda,83,Realigned fresh-thinking flexibility
398,Nissan,74,Reactive intermediate matrix
399,Cadillac,76,Object-based solution-oriented frame
400,Infiniti,49,Phased heuristic leverage
401,Ram,80,Triple-buffered 6th generation support
402,Dodge,47,Face to face 24/7 synergy
403,Mazda,61,Enhanced uniform paradigm
404,Chevrolet,31,Monitored foreground Graphical User Interface
405,Subaru,51,De-engineered multi-state superstructure
406,Mercedes-Benz,32,Virtual context-sensitive paradigm
407,Hyundai,100,Enhanced global encryption
408,Chevrolet,21,Vision-oriented real-time customer loyalty
409,GMC,83,Progressive mobile architecture
410,Ford,36,Secured next generation protocol
411,Hyundai,11,Sharable directional pricing structure
412,Lexus,60,Inverse neutral Graphical User Interface
413,Mercury,98,Reactive leading edge conglomeration
414,Dodge,24,Optimized exuding capacity
415,Dodge,5,Team-oriented leading edge system engine
416,Subaru,39,Reverse-engineered neutral interface
417,Mercedes-Benz,94,Digitized asynchronous matrices
418,Ford,89,Balanced optimizing capacity
419,Chevrolet,85,Extended multi-state implementation
420,Mazda,6,Stand-alone client-driven model
421,Dodge,28,Cloned directional time-frame
422,Nissan,16,Managed scalable policy
423,Land Rover,65,Seamless asynchronous challenge
424,Bugatti,32,Innovative content-based archive
425,Mercedes-Benz,35,Multi-channelled uniform forecast
426,Mazda,81,Balanced directional access
427,Honda,87,Exclusive user-facing access
428,Dodge,44,Advanced bi-directional Graphical User Interface
429,Mercedes-Benz,59,Integrated attitude-oriented function
430,Jaguar,28,Team-oriented logistical functionalities
431,Infiniti,68,Exclusive high-level secured line
432,Lamborghini,1,Configurable user-facing application
433,Cadillac,33,Pre-emptive multi-tasking flexibility
434,Nissan,86,Reduced didactic product
435,Chrysler,9,Versatile context-sensitive collaboration
436,Toyota,70,Upgradable disintermediate internet solution
437,Nissan,20,Open-architected needs-based implementation
438,Chevrolet,10,Polarised mobile solution
439,GMC,24,Multi-lateral intangible functionalities
440,Mercury,34,Decentralized grid-enabled frame
441,Kia,83,Future-proofed responsive emulation
442,Chevrolet,3,Multi-channelled disintermediate methodology
443,BMW,15,Synergistic coherent interface
444,Oldsmobile,35,Devolved upward-trending adapter
445,Mitsubishi,35,Sharable next generation protocol
446,Subaru,24,Digitized directional intranet
447,Mitsubishi,31,Proactive 6th generation array
448,Chrysler,47,Compatible needs-based knowledge base
449,Toyota,100,Synchronised responsive collaboration
450,Dodge,15,Realigned uniform concept
451,Mercedes-Benz,68,Intuitive holistic orchestration
452,Chevrolet,7,Visionary impactful circuit
453,Ferrari,24,Adaptive empowering projection
454,Audi,100,Ameliorated human-resource methodology
455,Volvo,40,Customizable interactive local area network
456,Land Rover,97,Compatible intermediate info-mediaries
457,Toyota,37,Phased radical moderator
458,Chevrolet,7,Synchronised client-driven open architecture
459,Pontiac,22,Optional attitude-oriented data-warehouse
460,Mazda,12,Seamless homogeneous website
461,Honda,19,User-friendly user-facing knowledge base
462,Buick,72,Virtual dynamic intranet
463,Cadillac,56,Virtual disintermediate interface
464,Dodge,3,Vision-oriented analyzing forecast
465,Chevrolet,15,Configurable local system engine
466,BMW,89,Diverse neutral methodology
467,Mercedes-Benz,67,Managed radical workforce
468,Toyota,21,Re-contextualized asymmetric structure
469,Jeep,93,Digitized tangible analyzer
470,Austin,92,Universal logistical infrastructure
471,Hyundai,97,Balanced foreground concept
472,Ford,76,Diverse motivating middleware
473,Ford,65,Upgradable responsive adapter
474,BMW,44,Progressive systemic firmware
475,Holden,70,Stand-alone user-facing core
476,Pontiac,64,Streamlined bifurcated encoding
477,Volvo,87,Secured non-volatile orchestration
478,Buick,60,Future-proofed bottom-line conglomeration
479,Mercedes-Benz,48,Customer-focused logistical moratorium
480,Lexus,37,Upgradable context-sensitive portal
481,Ford,95,Phased system-worthy productivity
482,Nissan,70,Enhanced object-oriented array
483,Volvo,26,Extended user-facing product
484,Mercedes-Benz,68,Proactive actuating definition
485,Honda,77,Upgradable asymmetric product
486,BMW,29,Robust impactful architecture
487,Hyundai,51,Vision-oriented mission-critical matrix
488,Buick,83,User-friendly static secured line
489,Cadillac,89,Down-sized optimal task-force
490,GMC,74,Visionary reciprocal utilisation
491,BMW,71,Optional client-driven Graphical User Interface
492,Lexus,22,Synergized optimal concept
493,Hyundai,20,Reactive 4th generation implementation
494,Infiniti,66,Multi-tiered human-resource monitoring
495,Volvo,65,Persevering radical solution
496,Mitsubishi,21,Business-focused needs-based extranet
497,Audi,89,User-centric 4th generation matrices
498,Hyundai,60,Compatible fault-tolerant service-desk
499,Acura,79,Mandatory composite capacity
500,Maserati,75,Decentralized 5th generation methodology
501,Mercedes-Benz,88,Automated needs-based pricing structure
502,Hyundai,73,Centralized human-resource conglomeration
503,Plymouth,53,Reverse-engineered demand-driven Graphical User Interface
504,GMC,33,Optimized transitional circuit
505,Hyundai,6,Profound eco-centric time-frame
506,Subaru,92,Public-key bottom-line frame
507,Volkswagen,40,Inverse 24/7 access
508,Mercury,23,Cloned optimal productivity
509,BMW,77,Vision-oriented disintermediate analyzer
510,GMC,32,Polarised coherent intranet
511,Nissan,81,Advanced composite budgetary management
512,Dodge,3,Digitized motivating infrastructure
513,Hummer,26,Optimized client-driven groupware
514,Jaguar,59,Versatile contextually-based implementation
515,Buick,65,Face to face intangible analyzer
516,Chevrolet,98,Reverse-engineered composite flexibility
517,Lincoln,20,Future-proofed system-worthy migration
518,Corbin,24,Cloned uniform service-desk
519,Mazda,66,Managed static standardization
520,Ford,9,Front-line holistic contingency
521,GMC,43,Polarised secondary matrices
522,Cadillac,10,Multi-layered stable Graphical User Interface
523,Ford,43,Configurable content-based archive
524,Chevrolet,43,Virtual intermediate strategy
525,Acura,71,User-centric intermediate groupware
526,Mazda,56,Organized heuristic website
527,Porsche,71,Synchronised modular array
528,Mercury,77,Cross-group human-resource strategy
529,Ford,96,Organic executive toolset
530,Pontiac,45,Visionary zero administration support
531,Ford,80,Extended uniform artificial intelligence
532,Ford,28,Ergonomic didactic conglomeration
533,Ferrari,74,Fundamental object-oriented knowledge base
534,Mercedes-Benz,11,Persevering upward-trending middleware
535,GMC,26,Pre-emptive well-modulated middleware
536,Oldsmobile,12,Exclusive systemic matrices
537,Volvo,100,Cross-platform global local area network
538,GMC,76,Realigned foreground contingency
539,BMW,7,Programmable contextually-based synergy
540,GMC,100,Synergistic uniform model
541,Mitsubishi,15,Configurable tertiary customer loyalty
542,Ford,84,Profit-focused incremental implementation
543,Buick,33,De-engineered even-keeled encryption
544,Volkswagen,73,Organized 3rd generation throughput
545,Volkswagen,1,Organic stable contingency
546,GMC,84,Managed intangible customer loyalty
547,Volkswagen,78,Decentralized zero defect challenge
548,Mitsubishi,68,Open-source stable intranet
549,Mercury,55,Progressive 3rd generation complexity
550,Dodge,99,Multi-lateral value-added hierarchy
551,Chevrolet,98,Pre-emptive grid-enabled architecture
552,Nissan,71,Centralized well-modulated frame
553,Toyota,12,Exclusive human-resource analyzer
554,Dodge,65,Universal contextually-based contingency
555,Mitsubishi,69,Face to face homogeneous installation
556,Toyota,60,Ergonomic web-enabled protocol
557,Chevrolet,62,Streamlined value-added methodology
558,Chevrolet,48,De-engineered client-server interface
559,Lincoln,6,Distributed fresh-thinking firmware
560,Toyota,19,Virtual national project
561,Isuzu,31,Enhanced context-sensitive alliance
562,Ford,82,Seamless reciprocal infrastructure
563,Nissan,99,Right-sized intermediate hub
564,Audi,94,Optional static instruction set
565,Nissan,4,Innovative static structure
566,GMC,19,Visionary analyzing function
567,Pontiac,38,Stand-alone zero tolerance definition
568,Lincoln,53,Upgradable encompassing matrices
569,Nissan,37,Realigned attitude-oriented conglomeration
570,Porsche,58,Optional responsive algorithm
571,Mazda,94,Devolved impactful architecture
572,Tesla,41,Visionary stable hierarchy
573,Kia,4,Cross-group neutral local area network
574,Cadillac,53,Expanded radical open system
575,Toyota,70,Virtual systematic knowledge user
576,Audi,25,Devolved optimizing circuit
577,MINI,3,User-centric content-based support
578,Ford,88,Managed uniform adapter
579,GMC,16,Secured secondary encoding
580,Dodge,54,Re-engineered system-worthy policy
581,Chevrolet,40,Grass-roots interactive implementation
582,Chevrolet,17,Optimized maximized portal
583,Ford,25,Extended client-driven middleware
584,Ford,32,Team-oriented tertiary groupware
585,Toyota,53,Intuitive actuating strategy
586,Audi,83,Robust even-keeled complexity
587,Rolls-Royce,60,Configurable optimal utilisation
588,BMW,72,Right-sized optimal hierarchy
589,Pontiac,42,Function-based incremental hierarchy
590,Isuzu,51,Profound solution-oriented open system
591,Toyota,18,Assimilated static framework
592,Ford,16,Cross-group modular Graphic Interface
593,Kia,49,Robust real-time circuit
594,GMC,49,Distributed grid-enabled knowledge user
595,Mitsubishi,8,Pre-emptive value-added migration
596,BMW,58,Persistent content-based approach
597,Chrysler,6,Adaptive well-modulated parallelism
598,Infiniti,90,Progressive stable time-frame
599,GMC,85,Networked zero tolerance matrices
600,Dodge,18,Decentralized even-keeled access
601,Scion,94,Function-based dynamic local area network
602,Mercedes-Benz,57,Triple-buffered foreground contingency
603,Chevrolet,59,Up-sized system-worthy implementation
604,Dodge,32,Organic demand-driven pricing structure
605,Nissan,96,Inverse executive architecture
606,BMW,92,Re-contextualized asymmetric groupware
607,Volvo,35,Inverse actuating superstructure
608,Toyota,53,Optimized cohesive benchmark
609,Ford,70,Up-sized upward-trending support
610,Ford,78,Polarised disintermediate data-warehouse
611,Saturn,2,Progressive 3rd generation matrix
612,Mercury,85,Phased foreground emulation
613,Toyota,75,Self-enabling motivating software
614,GMC,90,Stand-alone static workforce
615,Chevrolet,77,Fundamental transitional encoding
616,Mitsubishi,45,Polarised background Graphic Interface
617,Nissan,54,Future-proofed 3rd generation capacity
618,Subaru,38,Multi-tiered radical contingency
619,Audi,65,Object-based incremental time-frame
620,Cadillac,95,Devolved asymmetric intranet
621,Geo,58,Function-based neutral architecture
622,Kia,53,Universal multi-tasking hierarchy
623,Mazda,73,Centralized directional hierarchy
624,Hyundai,26,Organized disintermediate capability
625,Acura,86,Profound even-keeled flexibility
626,Lexus,100,Compatible object-oriented algorithm
627,Mercury,89,Reactive 24 hour task-force
628,Volkswagen,92,Grass-roots eco-centric workforce
629,Nissan,36,Robust motivating process improvement
630,Ford,15,Customer-focused non-volatile encoding
631,Nissan,55,Mandatory zero defect middleware
632,Suzuki,18,Reactive 4th generation circuit
633,Toyota,36,Total explicit ability
634,Chevrolet,64,Open-source scalable flexibility
635,Chevrolet,37,Advanced disintermediate time-frame
636,GMC,66,Balanced regional adapter
637,Bentley,31,Polarised executive utilisation
638,BMW,4,Public-key foreground Graphic Interface
639,Ford,60,Programmable asymmetric database
640,Suzuki,97,Inverse intermediate intranet
641,Oldsmobile,61,Sharable zero tolerance implementation
642,Saturn,94,Up-sized high-level time-frame
643,Nissan,60,Enterprise-wide leading edge archive
644,Volvo,67,Synergized 24 hour methodology
645,Aston Martin,46,Triple-buffered secondary complexity
646,Volvo,66,Centralized eco-centric forecast
647,Acura,96,Integrated empowering function
648,Mazda,54,Stand-alone neutral projection
649,Subaru,12,Progressive multimedia Graphic Interface
650,Mercedes-Benz,94,Fully-configurable methodical open system
651,Lincoln,33,Focused heuristic definition
652,Cadillac,86,Cross-platform value-added functionalities
653,Pontiac,14,Business-focused dynamic leverage
654,Oldsmobile,40,Multi-tiered client-server capability
655,GMC,29,Persistent dynamic secured line
656,Porsche,81,Total secondary protocol
657,Lexus,3,Visionary demand-driven focus group
658,Porsche,22,Versatile local approach
659,Oldsmobile,85,Seamless systematic monitoring
660,Lincoln,9,Phased static paradigm
661,Toyota,93,Stand-alone foreground architecture
662,Suzuki,17,Seamless next generation conglomeration
663,Ford,96,De-engineered actuating hardware
664,Dodge,66,Streamlined systematic task-force
665,Mitsubishi,52,Advanced next generation conglomeration
666,Mercedes-Benz,92,Exclusive cohesive capability
667,Audi,64,Re-contextualized modular concept
668,Lincoln,89,Seamless explicit neural-net
669,Dodge,76,Enhanced value-added parallelism
670,Honda,41,Fully-configurable well-modulated website
671,Volvo,8,Integrated contextually-based core
672,Chevrolet,28,Organized holistic concept
673,Acura,28,Focused holistic encryption
674,Ford,100,Multi-lateral systematic service-desk
675,Chevrolet,79,Sharable user-facing ability
676,Jeep,85,Configurable zero defect database
677,Nissan,4,Profit-focused intermediate budgetary management
678,Kia,93,Team-oriented local throughput
679,Ford,40,Vision-oriented disintermediate strategy
680,Nissan,31,Implemented national infrastructure
681,BMW,38,Horizontal 3rd generation Graphical User Interface
682,Subaru,48,Multi-tiered intangible help-desk
683,Volkswagen,54,Decentralized multi-tasking groupware
684,Buick,32,Synergistic bandwidth-monitored ability
685,Subaru,61,Reactive solution-oriented neural-net
686,Maserati,45,Seamless dedicated intranet
687,Ford,14,Customizable systematic application
688,Audi,42,Grass-roots executive support
689,Porsche,23,Down-sized disintermediate analyzer
690,GMC,28,Reduced secondary instruction set
691,Geo,64,Grass-roots system-worthy policy
692,Mercedes-Benz,24,Self-enabling bottom-line emulation
693,Cadillac,33,Expanded well-modulated artificial intelligence
694,Chevrolet,52,Object-based eco-centric function
695,Mercedes-Benz,94,Persevering background definition
696,Lamborghini,34,Multi-tiered reciprocal parallelism
697,Ford,23,Progressive 6th generation monitoring
698,Cadillac,20,Re-contextualized incremental task-force
699,Lotus,22,Public-key 3rd generation secured line
700,Porsche,93,Automated real-time process improvement
701,Isuzu,26,Triple-buffered scalable core
702,Hyundai,28,Universal national open system
703,Isuzu,32,Multi-tiered bi-directional flexibility
704,Lincoln,5,Upgradable next generation portal
705,Volkswagen,39,Seamless fault-tolerant strategy
706,Mercedes-Benz,84,Cross-group upward-trending middleware
707,Volkswagen,15,Configurable 24/7 model
708,Toyota,86,User-friendly composite product
709,Acura,55,Reactive interactive productivity
710,Mercedes-Benz,16,Object-based bifurcated open architecture
711,Suzuki,64,Optional asymmetric array
712,Suzuki,22,Optional eco-centric migration
713,GMC,49,Versatile intangible hierarchy
714,Cadillac,31,Assimilated 24/7 hub
715,Hyundai,14,Proactive background task-force
716,Lamborghini,35,Configurable mobile protocol
717,Dodge,49,Customizable responsive firmware
718,BMW,69,Distributed stable alliance
719,Dodge,81,Cross-platform system-worthy productivity
720,Mazda,41,Innovative methodical throughput
721,Audi,12,Grass-roots incremental analyzer
722,GMC,33,Public-key asymmetric data-warehouse
723,Acura,55,Multi-layered static algorithm
724,Dodge,57,Organized foreground definition
725,Honda,14,Networked non-volatile task-force
726,GMC,54,Re-engineered leading edge circuit
727,Mazda,60,Front-line zero administration hardware
728,Toyota,81,Multi-tiered bandwidth-monitored superstructure
729,Buick,86,Total uniform success
730,Dodge,6,Managed solution-oriented flexibility
731,Cadillac,70,Switchable client-server installation
732,Mazda,48,Multi-channelled 6th generation architecture
733,Chevrolet,62,Sharable 5th generation standardization
734,Hummer,45,Switchable solution-oriented task-force
735,Audi,48,Upgradable responsive installation
736,Lexus,95,Inverse value-added structure
737,Chevrolet,8,Upgradable real-time leverage
738,Mercury,96,Enhanced didactic firmware
739,Mercury,85,Balanced bi-directional groupware
740,Oldsmobile,27,Virtual systematic neural-net
741,Mitsubishi,94,Advanced background superstructure
742,Chevrolet,61,Virtual static open system
743,Mercedes-Benz,27,Intuitive motivating attitude
744,Subaru,100,Ergonomic even-keeled extranet
745,Infiniti,27,Up-sized homogeneous solution
746,Mercury,70,Enterprise-wide user-facing alliance
747,Ford,53,Versatile leading edge hub
748,Hyundai,79,Persevering client-server hierarchy
749,Audi,9,Multi-tiered grid-enabled customer loyalty
750,Ferrari,25,Multi-channelled 4th generation neural-net
751,Suzuki,37,Intuitive multi-tasking utilisation
752,Honda,37,Multi-layered empowering knowledge base
753,Subaru,94,Streamlined object-oriented data-warehouse
754,Alfa Romeo,15,Integrated dedicated archive
755,Ford,4,Centralized grid-enabled knowledge user
756,Pontiac,56,Distributed multimedia groupware
757,Mazda,51,Decentralized bi-directional middleware
758,Tesla,100,Synchronised regional moratorium
759,Ford,19,Front-line full-range protocol
760,Cadillac,61,Switchable multimedia challenge
761,Suzuki,57,Adaptive 6th generation superstructure
762,Pontiac,7,Up-sized actuating local area network
763,Mitsubishi,93,Upgradable bi-directional structure
764,Cadillac,93,Switchable clear-thinking workforce
765,Mercury,86,Diverse human-resource moratorium
766,Toyota,5,Streamlined executive initiative
767,Oldsmobile,53,Realigned modular info-mediaries
768,Infiniti,5,Horizontal next generation synergy
769,Maybach,94,Compatible radical productivity
770,Volvo,22,Multi-channelled interactive encryption
771,Honda,67,Devolved multi-state encryption
772,Land Rover,89,Total asynchronous application
773,Ford,69,Devolved mobile definition
774,Buick,85,Distributed maximized extranet
775,Ford,44,Mandatory empowering installation
776,Ford,58,Cross-group maximized open system
777,Volvo,48,Face to face human-resource capability
778,Nissan,13,Profit-focused hybrid adapter
779,Buick,22,Vision-oriented optimal projection
780,Volvo,41,Integrated empowering service-desk
781,Buick,61,Reverse-engineered actuating service-desk
782,Buick,66,Quality-focused uniform encryption
783,GMC,31,Profit-focused web-enabled benchmark
784,Infiniti,4,Up-sized methodical middleware
785,Porsche,29,Extended scalable implementation
786,GMC,40,Programmable zero defect structure
787,Chevrolet,60,Reverse-engineered attitude-oriented complexity
788,Chrysler,73,Progressive multimedia paradigm
789,Cadillac,49,Quality-focused client-driven hierarchy
790,Mercedes-Benz,29,Fully-configurable empowering neural-net
791,Chevrolet,97,Grass-roots solution-oriented orchestration
792,Mercury,11,Managed client-server success
793,Chevrolet,35,Synchronised homogeneous application
794,GMC,19,Balanced intermediate time-frame
795,Hyundai,59,Virtual foreground analyzer
796,Volvo,37,Business-focused optimizing Graphic Interface
797,Lexus,18,Expanded actuating access
798,Mitsubishi,19,Extended tangible installation
799,BMW,36,Reactive optimizing firmware
800,Ford,2,Object-based systematic capability
801,Lincoln,85,Right-sized neutral migration
802,Porsche,68,Synergized tangible protocol
803,Lexus,18,Inverse secondary core
804,Chrysler,16,Synergistic maximized standardization
805,Chevrolet,62,Mandatory multimedia frame
806,Mitsubishi,44,Monitored system-worthy circuit
807,Volkswagen,19,Self-enabling static workforce
808,GMC,57,Down-sized multi-state standardization
809,Pontiac,28,Sharable executive infrastructure
810,Lexus,41,Focused dynamic database
811,Lotus,1,Implemented tangible success
812,Cadillac,8,Business-focused 5th generation circuit
813,Buick,5,Reduced high-level knowledge user
814,Lexus,51,Extended dynamic complexity
815,Subaru,73,Synchronised static solution
816,MINI,62,Customer-focused hybrid portal
817,Land Rover,7,Seamless 3rd generation interface
818,GMC,3,Configurable methodical parallelism
819,Ford,19,Phased 5th generation focus group
820,Mercedes-Benz,67,Configurable neutral time-frame
821,Suzuki,34,User-centric stable superstructure
822,Dodge,77,Self-enabling radical implementation
823,Toyota,34,Vision-oriented user-facing moderator
824,Toyota,48,Object-based methodical array
825,Kia,20,Managed actuating function
826,Ford,24,Object-based system-worthy frame
827,Ford,48,Stand-alone attitude-oriented protocol
828,Ford,88,Seamless upward-trending knowledge base
829,Nissan,27,Business-focused tangible intranet
830,Kia,9,Advanced heuristic capacity
831,Ford,36,Balanced user-facing contingency
832,Porsche,93,Compatible intermediate superstructure
833,Chevrolet,4,Compatible foreground middleware
834,Chrysler,69,Total fault-tolerant portal
835,Pontiac,2,Adaptive homogeneous open system
836,Porsche,34,User-centric system-worthy initiative
837,GMC,84,Distributed national moratorium
838,Mercury,19,Progressive modular budgetary management
839,Ford,99,Face to face 4th generation customer loyalty
840,Toyota,74,Re-engineered bandwidth-monitored collaboration
841,Mitsubishi,1,Realigned incremental alliance
842,Oldsmobile,59,Customer-focused empowering functionalities
843,Mercury,82,User-centric system-worthy emulation
844,BMW,86,Synergistic methodical policy
845,Volkswagen,82,Inverse uniform database
846,BMW,24,Balanced contextually-based architecture
847,MINI,72,Persevering context-sensitive standardization
848,Dodge,80,Focused demand-driven superstructure
849,MINI,6,Reduced full-range core
850,Hyundai,100,Polarised didactic local area network
851,Dodge,61,Multi-tiered multi-tasking model
852,Nissan,6,Multi-channelled interactive ability
853,Lincoln,90,Visionary intangible groupware
854,Chrysler,10,Total motivating concept
855,Chevrolet,95,Cloned solution-oriented encryption
856,Rolls-Royce,78,Compatible client-driven productivity
857,Acura,63,Ergonomic multimedia installation
858,Toyota,53,Realigned static complexity
859,Subaru,71,Re-engineered stable utilisation
860,Saturn,80,Profound demand-driven archive
861,Mazda,43,Devolved context-sensitive time-frame
862,Mercedes-Benz,37,Configurable coherent conglomeration
863,Ford,23,Versatile incremental knowledge base
864,Ford,77,Persevering motivating architecture
865,Kia,69,Front-line multi-tasking analyzer
866,Nissan,2,Re-contextualized static data-warehouse
867,Mitsubishi,9,Multi-layered bandwidth-monitored time-frame
868,Lincoln,32,Sharable zero defect process improvement
869,Chevrolet,75,Pre-emptive well-modulated ability
870,Volkswagen,40,Enterprise-wide motivating instruction set
871,Cadillac,67,Sharable fresh-thinking strategy
872,GMC,35,Digitized global flexibility
873,Ford,25,Switchable optimal monitoring
874,Lexus,79,Polarised 24/7 process improvement
875,Cadillac,61,Synergistic neutral extranet
876,Lexus,22,Focused clear-thinking policy
877,Volkswagen,6,Operative impactful open architecture
878,Suzuki,57,Decentralized homogeneous contingency
879,Suzuki,46,Synergistic 5th generation paradigm
880,Mazda,86,Public-key tangible leverage
881,Mazda,62,Focused executive internet solution
882,Nissan,19,Optimized directional system engine
883,Mazda,93,De-engineered holistic local area network
884,Dodge,65,Ameliorated context-sensitive productivity
885,Audi,31,Enterprise-wide regional parallelism
886,Mitsubishi,88,Stand-alone actuating Graphical User Interface
887,Toyota,86,Customizable system-worthy standardization
888,Dodge,12,Inverse intermediate utilisation
889,Chevrolet,38,Organized static artificial intelligence
890,Mazda,4,Phased asynchronous initiative
891,Audi,65,Adaptive content-based collaboration
892,Dodge,95,Cloned systemic process improvement
893,Ford,6,Total next generation architecture
894,Lexus,6,Operative multi-tasking Graphic Interface
895,Bentley,21,Profound intermediate secured line
896,Suzuki,94,Cross-group executive superstructure
897,Oldsmobile,51,Persistent bottom-line core
898,Nissan,69,Self-enabling bottom-line software
899,Land Rover,100,Quality-focused zero administration product
900,Mitsubishi,17,Reactive dynamic archive
901,Nissan,7,User-centric stable flexibility
902,Audi,78,Fundamental neutral standardization
903,Mitsubishi,89,Proactive mobile toolset
904,Mercury,69,Vision-oriented even-keeled strategy
905,Honda,21,Programmable attitude-oriented strategy
906,Plymouth,68,Robust multi-state time-frame
907,Hyundai,24,Synergized multimedia parallelism
908,Toyota,55,Distributed heuristic artificial intelligence
909,Buick,41,Reduced client-driven utilisation
910,GMC,41,Persistent needs-based projection
911,Chevrolet,14,Extended attitude-oriented array
912,Pontiac,57,Programmable optimal algorithm
913,Volkswagen,42,Persistent optimal core
914,Dodge,81,Persevering 4th generation open system
915,Toyota,42,Advanced eco-centric database
916,Land Rover,56,Exclusive 24/7 throughput
917,BMW,8,Reactive bifurcated capability
918,Honda,84,Networked fault-tolerant budgetary management
919,Plymouth,64,Intuitive high-level time-frame
920,Isuzu,85,Multi-tiered reciprocal paradigm
921,GMC,9,Reactive asymmetric core
922,Nissan,59,Reduced 4th generation moderator
923,Mitsubishi,70,Multi-lateral bifurcated open architecture
924,Dodge,10,Fully-configurable asymmetric hierarchy
925,Honda,48,Sharable holistic internet solution
926,Ford,22,Synergistic attitude-oriented project
927,Kia,73,Cross-platform static array
928,Ford,26,Self-enabling maximized access
929,Audi,16,Advanced solution-oriented infrastructure
930,Ford,27,Managed multimedia core
931,Mercedes-Benz,39,De-engineered full-range functionalities
932,Nissan,34,Adaptive holistic protocol
933,Ford,47,Down-sized bandwidth-monitored attitude
934,Ford,89,Sharable real-time time-frame
935,Geo,62,Stand-alone fresh-thinking product
936,Mercedes-Benz,66,Progressive bandwidth-monitored access
937,Volkswagen,14,Cross-platform bifurcated emulation
938,GMC,22,Profound web-enabled synergy
939,Volkswagen,20,Total explicit forecast
940,Pontiac,82,Progressive tertiary strategy
941,Mazda,54,Multi-channelled bi-directional access
942,Mitsubishi,6,Synergized 4th generation frame
943,Suzuki,16,Sharable high-level structure
944,Toyota,42,Fundamental next generation implementation
945,Porsche,7,Switchable impactful access
946,Toyota,84,Multi-lateral executive standardization
947,Chevrolet,61,Exclusive interactive archive
948,Land Rover,67,Upgradable object-oriented leverage
949,Mazda,100,Business-focused solution-oriented firmware
950,Nissan,13,Synchronised clear-thinking firmware
951,Mercury,31,Customer-focused bottom-line data-warehouse
952,BMW,21,Innovative real-time initiative
953,GMC,26,Optimized asymmetric customer loyalty
954,Lincoln,75,Inverse interactive paradigm
955,Hyundai,39,Business-focused logistical adapter
956,Acura,56,Diverse static budgetary management
957,BMW,51,Team-oriented methodical Graphic Interface
958,Maserati,85,Balanced composite application
959,BMW,83,Phased uniform alliance
960,GMC,9,Total multi-state framework
961,Mercury,43,Inverse intermediate customer loyalty
962,Acura,72,Future-proofed maximized pricing structure
963,Buick,98,Public-key bottom-line parallelism
964,Jeep,89,Assimilated 3rd generation application
965,Dodge,6,Monitored human-resource interface
966,Mercury,32,Future-proofed mobile utilisation
967,Mazda,82,Synergized 3rd generation productivity
968,Nissan,81,Optional empowering encryption
969,Infiniti,97,Implemented fault-tolerant extranet
970,Plymouth,95,Horizontal fault-tolerant orchestration
971,Lexus,43,Visionary systemic application
972,Audi,41,Compatible bifurcated info-mediaries
973,Pontiac,53,User-centric bandwidth-monitored infrastructure
974,Mitsubishi,11,Programmable attitude-oriented database
975,Audi,15,Visionary mission-critical architecture
976,BMW,85,Digitized leading edge success
977,Ford,45,Cross-group didactic protocol
978,Audi,79,Customer-focused 3rd generation workforce
979,BMW,13,Devolved content-based local area network
980,Volkswagen,7,Business-focused empowering architecture
981,Maybach,21,Mandatory zero administration adapter
982,Dodge,94,Visionary tangible contingency
983,Ford,51,Down-sized responsive implementation
984,Mercedes-Benz,77,Innovative clear-thinking workforce
985,Infiniti,59,Balanced heuristic archive
986,Volvo,80,Self-enabling exuding encryption
987,Daewoo,23,Compatible composite Graphical User Interface
988,Mercedes-Benz,13,Expanded 3rd generation archive
989,Honda,60,Fully-configurable user-facing Graphical User Interface
990,Suzuki,77,Polarised client-driven implementation
991,Dodge,96,Ergonomic reciprocal process improvement
992,Mazda,37,Inverse static model
993,Saturn,47,Compatible leading edge capability
994,Mitsubishi,16,Progressive 24 hour utilisation
995,Chrysler,47,Organized zero administration website
996,Volkswagen,24,Reactive zero administration ability
997,Buick,99,Adaptive bottom-line service-desk
998,Dodge,45,Total reciprocal instruction set
999,Chrysler,60,Optional reciprocal access
1000,MINI,45,Focused 6th generation forecast
